{
    "rmse": 0.725180024058491,
    "mae": 0.5626946792044453,
    "r2": 0.24264832793019098
}