{
    "rmse": 0.7171637837818331,
    "mae": 0.5528495221526037,
    "r2": 0.24557593264584265
}